{
  "project_info": {
    "project_number": "256918474302",
    "project_id": "actividad3app",
    "storage_bucket": "actividad3app.firebasestorage.app"
  },
  "client": [
    {
      "client_info": {
        "mobilesdk_app_id": "1:256918474302:android:652358707c5ece37638b6f",
        "android_client_info": {
          "package_name": "com.nalancode.prueba1"
        }
      },
      "oauth_client": [],
      "api_key": [
        {
          "current_key": "AIzaSyCGZ-ShuxTu031aKESK8miXYot7WFsP1Ck"
        }
      ],
      "services": {
        "appinvite_service": {
          "other_platform_oauth_client": []
        }
      }
    }
  ],
  "configuration_version": "1"
}